Company Name,Company Description,Unnamed: 2,Website URL,Linkedin URL,Careers Page URL,Job listings page URL,job post1 URL,job post1 title,job post2 URL,job post2 title,job post3 URL,job post3 title
Forest Stewardship Council,Promoting sustainable forestry to combat climate and biodiversity crises globally.,Example1-,https://fsc.org/en,https://www.linkedin.com/company/fsc-international-bonn,https://fsc.org/en/careers-at-fsc,,https://fsc.org/en/work-with-us/director-system-integrity-m-f-d,View Job →,https://fsc.org/en/work-with-us/director-system-integrity-m-f-d,View Job →,https://fsc.org/en/work-with-us/director-system-integrity-m-f-d,View Job →
Polestar,Driving society forward with uncompromised electric performance and progressive innovation.,Example2-,https://investors.polestar.com/about,https://www.linkedin.com/company/polestar-princeton,,,https://polestar.teamtailor.com/jobs/5648292-controller-brand-marketing-pr-events,"Controller | Brand & Marketing, PR & Events",https://polestar.teamtailor.com/jobs/5642478-financial-controller-manufacturing,Financial Controller Manufacturing,https://polestar.teamtailor.com/jobs/5587912-senior-business-controller-polestar-sweden,Senior Business Controller | Polestar Sweden
Sweep,Streamline carbon management and reduction across your business with comprehensive software solutions.,,https://www.sweep.net/,https://fr.linkedin.com/company/sweep-softwareforsustainability,https://sweep.teamtailor.com/,,,,,,,
Climate Bonds Initiative,Mobilizing $100 trillion bond market for global climate solutions.,,https://www.climatebonds.net/,https://uk.linkedin.com/company/climate-bonds-initiative,https://www.climatebonds.net/about/careers,,,,,,,
Fuse Energy,Accelerating global renewable energy transition with comprehensive solutions.,,https://www.f.energy/,https://www.linkedin.com/company/fuseenergyhq,https://www.f.energy/join-us,,,,,,,
ESG Book,"Transforming sustainability data access for 50,000+ companies to drive impactful climate solutions.",,https://www.esgbook.com/,https://uk.linkedin.com/company/esgbook,,,,,,,,
Altruistiq,Automate and optimize corporate sustainability data for impactful climate action.,,https://altruistiq.com/,https://uk.linkedin.com/company/exableruk,https://altruistiq.com/about-us/careers,,https://boards.eu.greenhouse.io/altruistiq/jobs/4427122101,"Senior Product DesignerRemote - (Spain, Portugal, Netherlands, UK or Ireland)",https://boards.eu.greenhouse.io/altruistiq/jobs/4424037101,Legal CounselRemote,,
Tandem,Banking solutions that promote green finance and support eco-friendly financial decisions.,,https://www.tandem.co.uk/,https://uk.linkedin.com/company/tandem-bank,https://www.tandem.co.uk/careers,https://jobs.lever.co/truetandem,https://jobs.lever.co/truetandem/287b1362-0050-4baa-ad9b-98e4a19691f9,Azure Virtual Desktop (AVD) Engineer – Cleared (Polygraph),https://jobs.lever.co/truetandem/8bef9ceb-8d57-4c17-b873-02893b5813a7,Cleared Senior Power Platform CoE Engineer,https://jobs.lever.co/truetandem/feefe8b5-1c1e-4d64-a06d-9b1ffdb19f43,Cleared Senior Power Platform Developer
Willow,"Optimize buildings for security, sustainability, and efficiency with real-time integrated facility management.",,https://willowinc.com/,https://www.linkedin.com/company/willowinc,https://willowinc.com/wp-content/uploads/2025/05/careers.svg,https://jobs.lever.co/willowinc,https://jobs.lever.co/willowinc/90058afa-7500-416b-bb05-b52300eedd17,Building Management Engineer,https://jobs.lever.co/willowinc/98cfcee9-4e1c-4244-9288-1785ead28e25,Building Management System Engineer,https://jobs.lever.co/willowinc/d711fb70-d8ec-446b-ad13-2dd30fb26bb1,Commissioning / Provisioning Engineer
Qwello,Designing user-focused EV chargers to accelerate Europe's electric transition and climate goals.,,https://qwello.eu/en/,https://de.linkedin.com/company/qwello,https://qwello.eu/en/careers,,https://jobs.lever.co/qwello.eu/d4bd6805-2ad4-4b4a-b57a-7f712f4fd073,Junior Business Development Manager,,,,
Node energy,Optimize energy systems for real estate to cut CO2 emissions and costs.,,https://www.sciencedirect.com/science/article/pii/S0306261924019901,https://www.linkedin.com/company/nodeenergy/,https://www.sciencedirect.com/science/article/pii/S0306261924019901/careers,,,,,,,
Exponent Energy,Accelerating the energy shift to scale electric vehicles globally.,,https://www.exponent.energy/,https://in.linkedin.com/company/exponent-energy,https://www.exponent.energy/careers,,,,,,,
HITACHI ENERGY,Advancing sustainable energy systems towards a carbon-neutral future.,,https://www.hitachienergy.com/,https://ch.linkedin.com/company/hitachienergy,https://www.hitachienergy.com/careers,,,,,,,
Eurofins,"Analytical testing services promoting safer, healthier, and more sustainable environments globally.",,https://www.eurofins.com/,https://lu.linkedin.com/company/eurofins,https://www.eurofins.com/careers,https://careers.smartrecruiters.com/Eurofins?search=&page=0&location=Amsterdam,,,,,,
Contact Energy,"Driving New Zealand's transition to reliable, low-carbon renewable energy.",,https://ecmc.colorado.gov/programs/geothermal,https://th.linkedin.com/company/contactenergy,,https://careers.smartrecruiters.com/ContactEnergy,,,,,,
Amini,Building Africa's environmental data infrastructure with AI to address climate challenges.,,https://www.amini.ai/,https://ke.linkedin.com/company/aminiai,,,,,,,,
Landis+Gyr,Empowering a smarter grid for reduced environmental footprints and energy efficiency worldwide.,,https://www.landisgyr.com/,https://www.linkedin.com/company/landis,https://careers.landisgyr.com/,,,,,,,
Blockchain & Climate Institute,"Empowering climate action with blockchain, AI, and IoT for a sustainable future.",,https://uk.linkedin.com/company/blockchainclimateinstitute,https://uk.linkedin.com/company/blockchainclimateinstitute,,,,,,,,
Environmental Resources Management,"Strategic consultancy accelerating global sustainability, enabling low-carbon futures and advancing ESG priorities worldwide.",,https://www.erm.com/,https://uk.linkedin.com/company/erm,https://www.erm.com/careers/,,,,,,,
Emitwise,"Our mission is to accelerate the world’s transition to net zero carbon, but we need to move quickly.",,https://emitwise.com/careers/,https://uk.linkedin.com/company/emitwise,https://emitwise.com/careers/careers,https://jobs.lever.co/emitwise,,,,,,
Vattenfall,Pioneering fossil-free energy for a sustainable future.,,https://group.vattenfall.com/,https://se.linkedin.com/company/vattenfall,https://careers.vattenfall.com/global/en,https://careers.vattenfall.com/global/en,https://careers.vattenfall.com/global/job/trainer-in-helsinki-jid-49273,Trainer,https://careers.vattenfall.com/global/job/sales-coach-in-helsinki-jid-49272,Sales Coach,https://careers.vattenfall.com/global/job/m-and-a-transaction-manager-in-solna-jid-49271,M&A Transaction Manager
EcoVadis,Empowering companies with actionable insights to improve sustainability and reduce environmental impact.,,https://ecovadis.com/,https://mu.linkedin.com/company/ecovadis/?trk=organization-update_share-update_actor-text,https://ecovadis.com/careers/,https://careers.smartrecruiters.com/ecovadis,,,,,,
Fastmarkets Ltd,"Empowering strategic decisions with market insights and networking in volatile, opaque markets.",,https://www.fastmarkets.com/about-us/people/perrine-faye/,https://uk.linkedin.com/company/fastmarkets,,,,,,,,
Grid Edge,"AI-driven solutions for energy optimization, transforming buildings into smart, sustainable participants in the energy system.",,https://www.siemens.com/us/en/company/topic-areas/grid-edge.html,https://uk.linkedin.com/company/grid-edge,,,,,,,,
One • fıve,"Circular, cleaner, tailor-made packaging to reduce consumer goods industry’s environmental impact.",,,https://www.linkedin.com/company/five-star-franchising,,,,,,,,
Flower ⚡,"Powering renewable efficiency with software for flexible, sustainable energy systems.",,https://climatebase.org/job/62493602/e-mobility-project-manager-intern,https://www.linkedin.com/company/kitepower-bv/,https://climatebase.org/job/62493602/e-mobility-project-manager-intern/careers,https://climatebase.org/job/62493602/e-mobility-project-manager-intern/careers,https://climatebase.org/job/59976012/intern--project-management-e-mobility--ev-charging-infrastructure?source=job_directory,"Intern – Project Management E-Mobility & EV Charging InfrastructureIntern – Project Management E-Mobility & EV Charging InfrastructureEranovumMadrid, MD, ESHybridInternshipAccelerating renewable energy and EV infrastructure for a sustainable future.3 months ago",https://climatebase.org/job/61725386/project-engineering-manager?source=job_directory,"Project Engineering ManagerProject Engineering ManagerHITACHI ENERGYLudvika, Dalarna County, SEIn-personFull time roleAdvancing sustainable energy systems towards a carbon-neutral future.4 days ago",https://climatebase.org/job/62144050/internship-in-project-management-troubleshooting-80---100-fmd?source=job_directory,"Internship in Project Management Troubleshooting 80 - 100% (f/m/d)Internship in Project Management Troubleshooting 80 - 100% (f/m/d)HITACHI ENERGYZürich, ZH, CHIn-personFull time roleAdvancing sustainable energy systems towards a carbon-neutral future.5 days ago"
Beam,Beam helps accelerate the transition to renewable energy focusing on offshore wind,,https://raleighnc.gov/climate-action-and-sustainability/news/celebrating-earth-month-ourpowerourplanet,https://uk.linkedin.com/company/welcometobeam,,https://jobs.lever.co/beam,,,,,,
PVcase,Revolutionizing solar design to maximize yield and reduce carbon footprints globally.,,https://pvcase.com/,https://lt.linkedin.com/company/pvcase,https://jobs.pvcase.com/,,,,,,,
Vertical Aerospace,"Revolutionizing personal air travel with on-demand, carbon-free aircraft.",,https://vertical-aerospace.com/,https://uk.linkedin.com/company/vertical-aerospace-ltd,https://vertical-aerospace.com/careers,,,,,,,
AMPECO,Accelerating global EV charging infrastructure for a sustainable future.,,https://www.ampeco.com/,https://bg.linkedin.com/company/ampeco,https://www.ampeco.com/careers/,https://jobs.lever.co/ampeco-global,,,,,,
Einride,"Revolutionizing freight transport to be emission-free, safe, and sustainable.",,https://www.einride.tech/,https://www.linkedin.com/company/lanevc,,,,,,,,
Climate Analytics Inc.,"Driving climate action through science, policy support, and global policy analysis.",,https://www.zoominfo.com/c/climate-analytics-inc/353134159,https://www.linkedin.com/company/climate-analytics,,,,,,,,
National Park City Foundation,"Transforming urban areas into greener, healthier, and wilder National Park Cities.",,https://www.nationalparkcity.org/,https://www.linkedin.com/company/national-park-city-foundation,https://www.nationalparkcity.org/careers,,,,,,,
OVO Energy,"Making energy cheaper, greener, and simpler for a sustainable future.",,https://forum.ovoenergy.com/power-move-156/greener-living-all-year-round-how-are-people-reducing-energy-16619,https://uk.linkedin.com/company/ovoenergy,,,,,,,,
Pivotal Future,Building a future-ready economy balancing business growth with positive environmental impact.,,https://climatebase.org/job/62030190/nature-tech-intern?source=job_directory,https://in.linkedin.com/company/avaana-capital,https://climatebase.org/job/62030190/nature-tech-intern?source=job_directory/careers,https://climatebase.org/job/62030190/nature-tech-intern?source=job_directory/careers,https://climatebase.org/job/62194503/environmental-conservation-law-student-internship---fall-semester?source=job_directory,"Environmental Conservation Law Student Internship - Fall SemesterEnvironmental Conservation Law Student Internship - Fall SemesterThe Coastal Conservation LeagueCharleston, SC, USIn-personInternshipProtecting South Carolina's coastal habitats for sustainable, healthy communities.About 1 month ago",https://climatebase.org/job/62748749/technical-director---ecology?source=job_directory,"Technical Director - EcologyTechnical Director - EcologyAECOMBirmingham, England, GBHybridFull time roleBuilding sustainable legacies through innovative infrastructure and environmental solutions.19 days ago",https://climatebase.org/job/62748750/technical-director---ecology?source=job_directory,"Technical Director - EcologyTechnical Director - EcologyAECOMLiverpool, England, GBHybridFull time roleBuilding sustainable legacies through innovative infrastructure and environmental solutions.19 days ago"
Ecoworks,"Revolutionizing multi-family housing with rapid, eco-friendly modernizations through pre-fabrication and efficient energy systems.",,https://www.blackhornvc.com/news-and-posts/blackhorn-ventures-backs-ecoworks-to-scale-modular-carbon-neutral-buildings,https://www.linkedin.com/company/ecoworksnetzerobuildings/,,,,,,,,
ICAP Energy AS,Driving sustainable markets with innovative energy and commodities brokering.,,https://climatebase.org/job/63213510/risk-product-engineer-parameta-solutions?source=job_directory,https://www.linkedin.com/company/evolution-markets,https://climatebase.org/job/63213510/risk-product-engineer-parameta-solutions?source=job_directory/careers,https://climatebase.org/job/63213510/risk-product-engineer-parameta-solutions?source=job_directory/careers,https://climatebase.org/job/59339057/quantitative-financial-engineer-parameta-solutions-manila?source=job_directory,"Quantitative Financial Engineer, Parameta Solutions (Manila)Quantitative Financial Engineer, Parameta Solutions (Manila)ICAP Energy ASManila, NCR, PHHybridFull time roleDriving sustainable markets with innovative energy and commodities brokering.4 months ago",https://climatebase.org/job/61648684/client-support-analyst-parameta-solutions?source=job_directory,"Client Support Analyst, Parameta SolutionsClient Support Analyst, Parameta SolutionsICAP Energy ASManila, NCR, PHRemoteFull time roleDriving sustainable markets with innovative energy and commodities brokering.About 2 months ago",https://climatebase.org/job/61648685/client-support-analyst-parameta-solutions?source=job_directory,"Client Support Analyst, Parameta SolutionsClient Support Analyst, Parameta SolutionsICAP Energy ASManila, NCR, PHHybridFull time roleDriving sustainable markets with innovative energy and commodities brokering.About 2 months ago"
Freudenberg,Tailor-made emission-neutral energy systems for sustainable heavy-duty e-mobility.,,https://climatebase.org/job/61686815/maintenance-technician?source=job_directory,https://www.linkedin.com/company/freudenbergepowersystems,https://climatebase.org/job/61686815/maintenance-technician?source=job_directory/careers,https://climatebase.org/job/61686815/maintenance-technician?source=job_directory/careers,https://climatebase.org/job/56299860/maintenance-technician?source=job_directory,"Maintenance TechnicianMaintenance TechnicianFreudenbergNorthfield, NH, USIn-personFull time role""Tailor-made emission-neutral energy systems for sustainable heavy-duty e-mobility.""6 months ago",https://climatebase.org/job/58773618/maintenance-technician-fmd?source=job_directory,"Maintenance Technician (f/m/d)Maintenance Technician (f/m/d)FreudenbergEmmerich, NRW, DEIn-personFull time role""Tailor-made emission-neutral energy systems for sustainable heavy-duty e-mobility.""4 months ago",https://climatebase.org/job/60842245/maintenance-technician?source=job_directory,"Maintenance TechnicianMaintenance TechnicianFreudenbergManchester, NH, USIn-personFull time role""Tailor-made emission-neutral energy systems for sustainable heavy-duty e-mobility.""2 months ago"
TÜV SÜD America,Enabling safer technology to protect the environment and ensure a sustainable future.,,https://www.tuvsud.com/en-us/press-and-media,https://www.linkedin.com/company/tuvsud,https://www.tuvsud.com/en-us/press-and-media/careers,,,,,,,
Wartsila,Innovative tech and services advancing global decarbonization and sustainability.,,https://www.wartsila.com/,https://www.linkedin.com/company/wartsila,https://www.wartsila.com/careers,,,,,,,
AFRY Management Consulting,"Accelerating sustainable change across energy, bioindustry, infrastructure, and mobility globally.",,https://afry.com/en/offerings/afry-management-consulting,https://www.linkedin.com/company/afry,https://afry.com/en/offerings/afry-management-consulting/careers,,,,,,,
Samsara Eco,"Innovative enzymatic tech enables endless recycling of plastics, reducing waste and conserving resources.",,https://www.samsaraeco.com/,https://au.linkedin.com/company/samsara-eco,https://www.samsaraeco.com/,,,,,,,
Aerobotics,Optimizing crop performance globally with aerial imagery to enhance farming sustainability.,,https://aerobotics.com/drone-scan,https://www.linkedin.com/company/aerobotics,,,,,,,,
Aggreko,Innovative energy solutions reducing environmental impact globally.,,https://www.aggreko.com/en-us/news/2024/nam-articles/events/formula-e,https://in.linkedin.com/company/aggreko,,,,,,,,
Aliaxis,Supporting water and clean energy with innovative pipes and fittings,,https://aliaxis.com/,https://www.linkedin.com/company/aliaxis-emea-international,https://aliaxis.com/careers,,,,,,,
Tomra,"Advanced systems optimizing resource recovery for a circular, waste-minimized economy.",,https://www.tomra.com/,https://www.linkedin.com/company/tomra,https://www.tomra.com/careers,https://careers.smartrecruiters.com/Tomra,,,,,,
BlueLayer,"Empowering carbon project developers to drive removal, protect nature, and restore ecosystems efficiently.",,https://carboncredits.com/bluelayer-secures-10m-to-revolutionize-carbon-project-development/,https://uk.linkedin.com/company/getbluelayer?trk=ppro_cprof,https://carboncredits.com/wp-content/uploads/2021/11/join-us.jpg,,,,,,,
Envelio,"Combat air pollution for a cleaner, healthier planet.",,https://envelio.com/igp/grid-data-management-distribution-grids,https://www.linkedin.com/company/camfil-air-pollution-control,,,,,,,,
ONYX Insight,"Predictive analytics to optimize wind energy, boosting production and minimizing downtime globally.",,https://onyxinsight.com/,https://www.linkedin.com/company/onyx-insight,,,,,,,,
Agreena,Minting carbon credits to incentivize regenerative farming for a greener future.,,https://agreena.com/,https://www.linkedin.com/company/agreena/,,,,,,,,
Ofload,Optimizing freight to reduce emissions and create sustainable supply chains across Australia.,,https://www.ofload.com.au/sustainability,https://au.linkedin.com/company/ofload,,,,,,,,
Enlight Renewable Energy,"Scaling global solar, wind, and energy storage for a sustainable future.",,https://enlightenergy.co.il/,https://il.linkedin.com/company/enlight-renewable-energy-ltd-enlt-,https://enlightenergy.co.il/careers,,https://www.comeet.com/jobs/enlightenergy/99.006,Open positions,,,,
Xpeng Motors,"Pioneering intelligent EVs and eVTOLs for a sustainable, eco-friendly future.",,https://www.xpeng.com/news/0183c70e409582358aaf2c9e2324117a,https://www.linkedin.com/company/calb-technology/mycompany/?viewAsMember=true,https://www.xpeng.com/404?errorUrl=%2Fnews%2F0183c70e409582358aaf2c9e2324117a%2Fcareers,,,,,,,
Raylo,"Empowering circular economy with sustainable, affordable lease-and-reuse of consumer goods.",,https://www.raylo.com/blog/circularity-and-reuse-at-raylo,https://uk.linkedin.com/company/raylo,,,,,,,,
BackMarket,"Marketplace for restored gadgets, reducing e-waste and promoting sustainable tech consumption.",,https://www.backmarket.com/en-us,https://www.linkedin.com/company/back-market,,,,,,,,
Protera,"Cutting-edge protein tech for sustainable, nutritious food and reduced environmental impact.",,https://climatebase.org/job/62692476/senior-cloud-engineer?source=job_directory,https://hr.linkedin.com/company/kura-biotech,https://climatebase.org/job/62692476/senior-cloud-engineer?source=job_directory/careers,https://climatebase.org/job/62692476/senior-cloud-engineer?source=job_directory/careers,https://climatebase.org/job/60672673/senior-devops-engineer?source=job_directory,"Senior Devops EngineerSenior Devops EngineerEurofinsBengaluru, KA, INRemoteFull time roleAnalytical testing services promoting safer, healthier, and more sustainable environments globally.2 months ago",https://climatebase.org/job/61327628/associate-software-engineeraws?source=job_directory,"Associate software Engineer(AWS)Associate software Engineer(AWS)EurofinsBengaluru, KA, INIn-personFull time roleAnalytical testing services promoting safer, healthier, and more sustainable environments globally.About 2 months ago",https://climatebase.org/job/61939178/aws-devops-engineer?source=job_directory,"AWS Devops EngineerAWS Devops EngineerEurofinsBengaluru, KA, INRemoteFull time roleAnalytical testing services promoting safer, healthier, and more sustainable environments globally.About 1 month ago"
Stora Enso,"Innovative, renewable solutions for paper, biomaterials, and packaging, reducing carbon footprint globally.",,https://www.storaenso.com/en/,https://www.linkedin.com/company/stora-enso,https://www.storaenso.com/en/careers,,,,,,,
Memodo,Empowering sustainable energy solutions with a comprehensive range of solar and storage systems.,,https://www.memodo-shop.com/,https://www.linkedin.com/company/energizer-solar,,,,,,,,
Climate X,"Evaluate your organization's climate risk with comprehensive, integrated physical risk insights.",,https://www.climate-x.com/,https://uk.linkedin.com/company/climate-x,https://www.climate-x.com/careers,,,,,,,
Scatec Solar,"Delivering affordable, sustainable solar power worldwide with a 600 MW installation track record.",,https://scatec.com/2015/07/09/scatec-solar-to-build-first-large-scale-solar-power-plant-in-west-africa/,https://www.linkedin.com/company/scatec/,https://scatec.com/2015/07/09/scatec-solar-to-build-first-large-scale-solar-power-plant-in-west-africa/careers,,,,,,,
Centrica Energy,"Driving global green energy transition with sustainable, predictable energy trading.",,https://www.centrica.com/,https://uk.linkedin.com/company/centricaenergy,https://www.centrica.com/careers,,,,,,,
Enpal,"Powering Europe's renewable future with flexible, hassle-free solar solutions. Join the green energy revolution.",,https://climatebase.org/job/62244064/senior-site-reliability-engineer-fmd-,https://www.linkedin.com/company/enpal-egypt,https://climatebase.org/job/62244064/senior-site-reliability-engineer-fmd-/careers,https://climatebase.org/job/62244064/senior-site-reliability-engineer-fmd-/careers,https://climatebase.org/job/58088665/senior-site-reliability-engineer---25130?source=job_directory,"Senior Site Reliability Engineer - 25130Senior Site Reliability Engineer - 25130EnverusBrno, South Moravian Region, CZIn-personFull time roleAccelerating investment in efficient, renewable energy development and distribution.5 months ago",https://climatebase.org/job/58242517/senior-site-reliability-engineer-sre?source=job_directory,"Senior Site Reliability Engineer (SRE)Senior Site Reliability Engineer (SRE)Wood MackenzieMexico City, CDMX, MXIn-personFull time roleEmpowering smart climate and energy decisions through data and analytics.12 days ago",https://climatebase.org/job/59379500/senior-site-reliability-engineer?source=job_directory,"Senior Site Reliability EngineerSenior Site Reliability EngineerBidgelyBengaluru, KA, INHybrid, RemoteFull time roleRevolutionizing home energy savings with appliance-specific analytics to combat climate change.4 months ago"
ProVeg International,Transforming global food systems to plant-based alternatives for a sustainable future.,,https://proveg.org/news/fixing-food-systems-protecting-biodiversity/,https://www.linkedin.com/company/proveginternational,https://proveg.org/careers/,,https://proveg.jobs.personio.de/job/2276237,(Senior) Strategic Program Manager for ProVeg ChinaChina RemotePermanentProVeg China,https://proveg.jobs.personio.de/job/12891,Fundraising auf MessenGermany (Promoter:innen)InternDE Fundraising,https://proveg.jobs.personio.de/job/2144148,Fundraising SupportGermany (Berlin)TemporaryDE Fundraising
Renewable Energy Systems,Driving global clean energy with 22 GW new capacity in next five years.,,https://degrees.apps.asu.edu/masters-phd/major/ASU00/ESCESPHD/clean-energy-systems-phd?init=false&nopassive=true,https://ca.linkedin.com/company/international-renewable-energy-systems-inc,https://degrees.apps.asu.edu/masters-phd/major/ASU00/ESCESPHD/clean-energy-systems-phd?init=false&nopassive=true/careers,,,,,,,
CDP Global,Global environmental disclosure leader empowering organizations with rich data for sustainable impact and innovation.,,https://www.cdp.net/en/about,https://uk.linkedin.com/company/cdp-worldwide,,,,,,,,
GreenFlux,Empowering e-mobility networks to accelerate sustainable transportation.,,https://www.greenflux.com/,https://www.linkedin.com/company/intercharge-network-conference/,https://www.greenflux.com/careers/,,,,,,,
Navvis,Transforming physical spaces into digital twins for enhanced productivity and sustainability.,,https://www.navvis.com/ivion,https://www.linkedin.com/company/navvis,,,,,,,,
Gropyus,"Innovative tech for truly sustainable, affordable, and resource-conserving buildings.",,https://www.gropyus.com/,https://at.linkedin.com/company/gropyus,https://www.gropyus.com/careers,,,,,,,
Enter,Optimize home energy efficiency with tailored upgrades and maximize savings and subsidies.,,https://www.irs.gov/instructions/i5695,https://de.linkedin.com/company/enternow,,https://jobs.lever.co/enter-rcm-llc,,,,,,
Pioneer Transformers,Custom liquid-filled transformers designed for energy-efficient and sustainable electrical solutions.,,https://ermcopower.com/solutions/,https://www.linkedin.com/company/dongan-electric-manufacturing-co,https://ermcopower.com/careers/,,https://careers-ermcoeci.icims.com/jobs/search,SEE JOBS AT ERMCO DISTRIBUTION TRANSFORMERS & ERMCO COMPONENTS,https://careers-ermcoeci.icims.com/jobs/search,SEE JOBS AT GRIDBRIDGE,https://careers-ermcoeci.icims.com/jobs/search,SEE JOBS AT PIONEER TRANSFORMERS
International Council on Clean Transportation,Advancing eco-friendly and energy-efficient transport for a healthier planet.,,https://theicct.org/,https://www.linkedin.com/company/the-international-council-on-clean-transportation,https://theicct.org/careers,,,,,,,
BoxPower Inc.,"Modular microgrids delivering clean, reliable energy as a diesel generator alternative.",,https://boxpower.io/,https://www.linkedin.com/company/boxpower,https://boxpower.io/careers,,,,,,,
Global Energy Monitor,Empowering sustainable energy with open-access data on global infrastructure and resources.,,https://globalenergymonitor.org/,https://www.linkedin.com/company/global-energy-monitor,https://globalenergymonitor.org/about/jobs/,,https://globalenergymonitor.org/about/jobs/,Jobs,https://globalenergymonitor.org/about/jobs/,Jobs,https://globalenergymonitor.org/about/jobs/,Jobs
World Resources Institute,"Driving sustainable solutions for climate, energy, water, and more to secure a sustainable future.",,https://www.wri.org/,https://www.linkedin.com/company/world-resources-institute,https://www.wri.org/careers,,,,,,,
Everlight Solar,"Hassle-free, affordable solar energy solutions with no upfront cost for homeowners.",,https://everlightsolar.com/minnesota/,https://www.linkedin.com/company/everlight-solar,https://everlightsolar.com/jobs/,,https://everlightsolar.com/jobs/,Jobs,,,,
Serve Robotics,"Zero-emissions robots revolutionizing sustainable, self-driving food delivery.",,https://www.serverobotics.com/level-4-autonomy,https://www.linkedin.com/company/serverobotics,,,,,,,,
Common Energy,Switch to clean energy and reduce your carbon footprint in minutes.,,https://www.commonenergy.us/impact/hli,https://www.linkedin.com/company/common-energy,,,,,,,,
Scout Motors,Reimagining iconic American SUVs as next-gen all-electric trucks for a sustainable future.,,https://www.aam.com/media/story/aam-secures-new-business-to-support-scout-motors-iconic-suv-and-truck-launch,https://www.linkedin.com/company/scoutmotors,,https://job-boards.greenhouse.io/scoutmotors,https://job-boards.greenhouse.io/scoutmotors/jobs/4743751007,"Manager, Service OperationsColumbia, South Carolina; Future Headquarters; United States",https://job-boards.greenhouse.io/scoutmotors/jobs/4784997007,"Senior Manager, Connected VehicleRemote; Scout HQ; United States",https://job-boards.greenhouse.io/scoutmotors/jobs/4804540007,"Senior Manager, Marketing OperationsScout Motors Headquarters, United States"
Re:Build Manufacturing,Revitalizing U.S. manufacturing with cutting-edge tech for a sustainable future.,,https://rebuildmanufacturing.com/newkensington/,https://www.linkedin.com/company/re-build-manufacturing,https://rebuildmanufacturing.com/careers/,,,,,,,
Via Transporation,"Transforming global transport systems into efficient, affordable, and sustainable networks with cutting-edge software.",,https://climatebase.org/job/60630953/field-operations-manager,https://www.linkedin.com/company/poptransport,https://climatebase.org/job/60630953/field-operations-manager/careers,https://climatebase.org/job/60630953/field-operations-manager/careers,https://climatebase.org/job/56928886/field-operations-manager?source=job_directory,"Field Operations ManagerField Operations ManagerVia TransporationNew Haven, CT, US, Stamford, CT, US, Norwalk, CT, US, New Haven, CT, USIn-personFull time roleTransforming global transport systems into efficient, affordable, and sustainable networks with cutting-edge software.6 months ago",https://climatebase.org/job/56928887/field-operations-manager?source=job_directory,"Field Operations ManagerField Operations ManagerVia TransporationCalifornia, USIn-personFull time roleTransforming global transport systems into efficient, affordable, and sustainable networks with cutting-edge software.2 months ago",https://climatebase.org/job/56928888/field-operations-manager?source=job_directory,"Field Operations ManagerField Operations ManagerVia TransporationLos Angeles, CA, USIn-personFull time roleTransforming global transport systems into efficient, affordable, and sustainable networks with cutting-edge software.3 months ago"
Lucid Motors,Innovative electric vehicles redefining sustainable mobility and elevating the driving experience.,,https://lucidmotors.com/,https://www.linkedin.com/company/lucidmotors,https://lucidmotors.com/careers,,,,,,,
Outrider,Automating yard operations with zero-emission systems for sustainable freight transportation.,,https://www.outrider.ai/,https://www.linkedin.com/company/outridertech,https://www.outrider.ai/careers,,,,,,,
Base Power Company,Revolutionizing home energy with distributed batteries for grid support and outage protection at low cost.,,https://www.basepowercompany.com/,https://www.linkedin.com/company/basepowercompany,https://www.basepowercompany.com/careers,,,,,,,
Greenlight Biosciences,"Nature-powered, eco-friendly crop protection solutions for sustainable agriculture.",,https://www.greenlightbiosciences.com/,https://www.linkedin.com/company/greenlight-biosciences,https://www.greenlightbiosciences.com/careers,,,,,,,
GoodLeap,Democratizing sustainable home upgrades with $27 billion in financing and AI-driven tools since 2018.,,https://www.goodleap.com/,https://www.linkedin.com/company/goodleap,https://www.goodleap.com/careers,,,,,,,
AiDash,Climate-resilient infrastructure with satellite-powered AI for sustainability and cost efficiency.,,https://www.aidash.com/,https://www.linkedin.com/company/aidash,https://www.aidash.com/careers/,https://jobs.lever.co/aidash,,,,,,
Plus,"AI-powered autonomous driving for a safer, greener world.",,https://plus.ai/,https://www.linkedin.com/company/plusai,https://plus.ai/careers,https://jobs.lever.co/plus-2/6844904b-ccbf-41ba-924c-6a5d8ba572d5,,,,,,
Mainspring Energy,"Flexible, scalable energy systems accelerating the transition to a net-zero carbon grid.",,https://www.mainspringenergy.com/news/mainspring-announces-linear-generator-pilot-project-with-leading-utility-aep/,https://www.linkedin.com/company/mainspringenergy,,https://jobs.lever.co/mainspringenergy,,,,,,
Climate Power,"Historic clean energy investment cuts costs, creates jobs, and protects our planet.",,https://climatepower.us/clean-energy-jobs-report/,https://uk.linkedin.com/company/low-carbon,https://climatepower.us/clean-energy-jobs-report/careers,https://jobs.lever.co/climatepower/cb90afcf-7779-4441-aebe-416a1932e0e5,,,,,,
Intersect Power,"Scalable low-carbon solutions for retail and wholesale energy markets, offering clean electricity and fuels.",,https://www.intersectpower.com/,https://www.linkedin.com/company/intersect-power/?trk=similar-pages,https://www.intersectpower.com/careers,https://jobs.lever.co/intersectpower,,,,,,
Universal Engineering Sciences,Innovative engineering for sustainable infrastructure and environmental solutions nationwide.,,https://www.teamues.com/universal-engineering-sciences-launches-virtual-design-consulting-services/,https://www.linkedin.com/company/teamues,https://www.teamues.com/universal-engineering-sciences-launches-virtual-design-consulting-services/careers,,https://careers.teamues.com/jobs/,View Open Positions,https://careers.teamues.com/jobs/,View Open Positions,,
Freedom Solar Power,"Leading, cost-effective solar solutions reducing carbon footprint in Texas, Colorado, Florida, Virginia, and North Carolina.",,https://freedomsolarpower.com/,https://www.linkedin.com/company/freedom-solar,https://freedomsolarpower.com/careers,https://jobs.lever.co/freedomsolarpower/0adb646c-98f2-4033-8f44-9c2f74458a23,,,,,,
Energy Solutions,Innovative consulting firm delivering market-based energy solutions for environmental impact.,,https://www.bcg.com/,https://www.linkedin.com/company/capcoenergy,https://careers.bcg.com/global/en,https://careers.smartrecruiters.com/customizedenergysolutions,,,,,,
Clearloop,Transforming U.S. communities with clean energy and new solar projects for maximum environmental impact.,,https://clearloop.us/,https://www.linkedin.com/company/clearloop-us,https://clearloop.us/careers/,,,,,,,
Hayden AI,"AI-driven solutions for safer, faster transit and sustainable urban development.",,https://www.hayden.ai/press/culver-citybus-deploys-automated-enforcement-to-improve-transit-reliability-and-road-safety-with-hayden-ai,https://www.linkedin.com/company/haydenaitech,,,,,,,,
Too Good To Go,"Reduce food waste and save surplus food with our convenient, planet-friendly app.",,https://www.toogoodtogo.com/,https://www.linkedin.com/company/too-good-to-go,https://www.toogoodtogo.com/careers,https://job-boards.greenhouse.io/toogoodtogo,https://job-boards.greenhouse.io/toogoodtogo/jobs/6586991003,"AI Solutions DeveloperKøbenhavn, Hovedstaden, Denmark",https://job-boards.greenhouse.io/toogoodtogo/jobs/6640745003,"Commercial Operations PartnerWarsaw, Mazowieckie, Poland",https://job-boards.greenhouse.io/toogoodtogo/jobs/6553152003,"AccountantKøbenhavn, Hovedstaden, Denmark"
Ramboll Management Consulting,Driving decarbonization and sustainable business models across global markets.,,https://climatebase.org/job/63467003/construction-superintendent---electrical-site-work?source=job_directory,https://tt.linkedin.com/company/ramboll-management-consulting?trk=similar-companies_org_title,https://climatebase.org/job/63467003/construction-superintendent---electrical-site-work?source=job_directory/careers,https://climatebase.org/job/63467003/construction-superintendent---electrical-site-work?source=job_directory/careers,https://climatebase.org/job/60158632/construction-manager?source=job_directory,"Construction ManagerConstruction ManagerIberdrolaRochester, NY, USIn-personFull time roleAccelerating America's clean energy transition with sustainable power and industry-leading ethical practices.21 days ago",https://climatebase.org/job/62632428/electrical-inspector?source=job_directory,"Electrical InspectorElectrical InspectorAECOMArlington, VA, USIn-personFull time roleBuilding sustainable legacies through innovative infrastructure and environmental solutions.22 days ago",https://climatebase.org/job/63467005/construction-superintendent---mechanical-site-work?source=job_directory,"Construction Superintendent - Mechanical Site workNewConstruction Superintendent - Mechanical Site workNewRamboll Management ConsultingSyracuse, NY, USIn-personFull time roleDriving decarbonization and sustainable business models across global markets.About 6 hours ago"
AECOM,Building sustainable legacies through innovative infrastructure and environmental solutions.,,https://aecom.com/,https://www.linkedin.com/company/aecom,https://aecom.com/careers/,https://careers.smartrecruiters.com/AECOM2/internal-mobility,,,,,,
EngSoc,Top 10 global leader advancing UN Sustainable Development Goals through research and innovation.,,https://climatebase.org/job/61043641/nsbe-finance-lead-20252026?source=jobs_directory_algolia&queryID=5e9ac1abb3048cedde15152ceab8d873,https://au.linkedin.com/company/unsw-civil-and-environmental-engineering,https://climatebase.org/job/61043641/nsbe-finance-lead-20252026?source=jobs_directory_algolia&queryID=5e9ac1abb3048cedde15152ceab8d873/careers,https://climatebase.org/job/61043641/nsbe-finance-lead-20252026?source=jobs_directory_algolia&queryID=5e9ac1abb3048cedde15152ceab8d873/careers,https://climatebase.org/job/62477334/financial-controller?source=job_directory&queryID=5e9ac1abb3048cedde15152ceab8d873%2Fcareers,"Financial ControllerFinancial ControllerEurofinsDes Moines, IA, USIn-personFull time roleAnalytical testing services promoting safer, healthier, and more sustainable environments globally.26 days ago",https://climatebase.org/job/62776205/senior-accountant--grant-compliance-lead?source=job_directory&queryID=5e9ac1abb3048cedde15152ceab8d873%2Fcareers,"Senior Accountant & Grant Compliance LeadSenior Accountant & Grant Compliance LeadEcology Project InternationalMissoula, MT, USIn-personFull time roleYouth-driven conservation through local expert-student partnerships to protect threatened species and habitats.18 days ago",https://climatebase.org/job/62996467/senior-finance-manager-operations-finance?source=job_directory&queryID=5e9ac1abb3048cedde15152ceab8d873%2Fcareers,"Senior Finance Manager, Operations FinanceSenior Finance Manager, Operations FinancePrimientSchaumburg, IL, USIn-personFull time rolePlant-based ingredients crafted sustainably for people, communities, and the planet.12 days ago"
Republic Services,Committed to sustainable waste management for a greener future.,,https://www.republicservices.com/,https://www.linkedin.com/company/republic-services-inc,https://www.republicservices.com/careers,,,,,,,
Sightline Climate (CTVC),Data-driven platform empowering investment and innovation in the new climate economy,,https://www.linkedin.com/company/ctvc,https://www.linkedin.com/company/ctvc,,,,,,,,
Pano AI,Revolutionizing disaster management for climate resilience with AI-powered wildfire detection.,,https://www.pano.ai/,https://www.linkedin.com/company/pano-ai,https://www.pano.ai/join-us,,,,,,,
Unirac,Driving solar energy adoption with top-tier PV mounting systems and unmatched expertise.,,https://unirac.com/category/blog/,https://www.linkedin.com/company/unirac-inc-,,,,,,,,
Oklo,"Oklo's mission is to provide clean, reliable, affordable energy through the deployment of next-generation fast fission technology and recycling nuclear waste.",,https://www.oklo.com/,https://www.linkedin.com/company/oklo,https://www.oklo.com/careers,,,,,,,
Trek Bicycle Corp (Australia),Empowering diverse teams to revolutionize cycling for a sustainable future.,,https://climatebase.org/jobs,https://www.linkedin.com/company/vittoria-s.p.a./,,,,,,,,
Equilibrium Energy,Accelerating clean energy with data-driven solutions to significantly reduce global carbon emissions.,,https://www.equilibriumenergy.com/,https://uk.linkedin.com/company/equilibrium-energy-inc,https://www.equilibriumenergy.com/careers,https://job-boards.greenhouse.io/equilibriumenergy,https://job-boards.greenhouse.io/equilibriumenergy/jobs/4297433005,"General InterestSan Francisco, Boston, London, or Remote",https://job-boards.greenhouse.io/equilibriumenergy/jobs/4001368005,"Machine Learning Scientist (Staff / Sr Staff) - Power MarketsSan Francisco, Boston, London, or Remote",https://job-boards.greenhouse.io/equilibriumenergy/jobs/4203769005,"Quantitative Scientist (Staff / Sr Staff) - Power MarketsSan Francisco, Boston, London, or Remote"
Iberdrola,Accelerating America's clean energy transition with sustainable power and industry-leading ethical practices.,,https://www.iberdrola.com/about-us/our-company/renewable-energies,https://www.linkedin.com/company/rokas-renewables-iberdrola-renovables-,,,,,,,,
EsVolta,Empowering the grid with large-scale battery energy storage to enhance sustainability.,,https://www.esvolta.com/,https://www.linkedin.com/company/esvolta-lp,https://www.esvolta.com/careers,,,,,,,
Terracycle,"Transforming unrecyclable waste into eco-friendly products, from ocean plastics to playgrounds.",,https://www.terracycle.com/en-US/,https://www.linkedin.com/company/terracycle,https://recruiting.paylocity.com/recruiting/jobs/All/0e6f52c3-18b3-4884-ab4d-e1d9947cbe07/TerraCycle,,,,,,,
Electric Power Engineers,Enhancing grid reliability and resiliency for a sustainable energy future.,,https://epeconsulting.com/industries/data-centers,https://pa.linkedin.com/company/epeconsulting?trk=similar-pages_result-card_full-click,,,,,,,,
Institute for Energy Economics and Financial Analysis (IEEFA,Accelerating the transition to a sustainable and diverse energy economy.,,https://ieefa.org/what-we-do,https://www.linkedin.com/company/institute-for-energy-economics-and-financial-analysis,,,,,,,,
C40 Cities,"Uniting 96 cities for bold climate action and a sustainable, healthier future.",,https://www.c40.org/about-c40/,https://www.linkedin.com/company/carbon-neutral-cities-alliance,https://www.c40.org/careers/,,,,,,,
InductEV,"Revolutionizing commercial fleets with AI-driven, wireless power for a sustainable, carbon-reduced future.",,https://www.inductev.com/,https://www.linkedin.com/company/inductev-inc,https://www.inductev.com/careers,,,,,,,
RoadRunner Recycling,"Revolutionizing sustainable waste management for businesses with tech-driven, cost-saving solutions.",,https://www.roadrunnerwm.com/blog/new-funding-market-expansions-fuel-roadrunners-incredible-year,https://www.linkedin.com/company/roadrunner-modern-waste-and-recycling,,,,,,,,
Encamp,Empowering businesses with tech for seamless environmental compliance and global reforestation.,,https://encamp.com/webinars/oil-and-gas-industry-event-best-practices-for-managing-your-epcra-tier-ii-program-throughout-the-year/,https://na.linkedin.com/company/smart-nut?trk=public_post_follow-view-profile,https://encamp.com/webinars/oil-and-gas-industry-event-best-practices-for-managing-your-epcra-tier-ii-program-throughout-the-year/careers,,,,,,,
Karen Clark & Company,Innovative catastrophe risk modeling tools for climate resilience and disaster preparedness.,,https://www.karenclarkandco.com/,https://www.linkedin.com/company/karen-clark-and-company,https://www.karenclarkandco.com/careers,,,,,,,
Climate Arc,Mainstreaming climate science in finance to accelerate capital for net-zero solutions.,,https://climatearc.org/,https://uk.linkedin.com/company/climate-arc,,,,,,,,
Resource Innovations,"Empowering communities with accessible, sustainable energy and water solutions.",,https://www.resource-innovations.com/,https://ca.linkedin.com/company/resourceinnovations,https://www.resource-innovations.com/careers,,,,,,,
Pine Gate Renewables,Driving the future with extensive solar and energy storage projects across the U.S.,,https://pinegaterenewables.com/wp-content/uploads/2024/12/Rio-Lago_Fact-Sheet_2024.12.17.pdf,https://www.linkedin.com/company/pine-gate-renewables,,https://job-boards.greenhouse.io/pinegaterenewables,https://job-boards.greenhouse.io/pinegaterenewables/jobs/6681366003,"Associate Project Development EngineerNewAsheville, North Carolina, United States",,,,
Redwood Materials,"Closed-loop, domestic lithium-ion battery supply chain using recycled batteries to reduce environmental impact.",,https://www.redwoodmaterials.com/,https://ch.linkedin.com/company/li-cycle,https://www.redwoodmaterials.com/join/,,,,,,,
The EVERY Company,"Revolutionizing food with eco-friendly, animal-free proteins using significantly less land, water, and emissions.",,https://every.com/,https://www.linkedin.com/company/aspirefg,,,,,,,,
Arevon,Transforming North America's energy with innovative renewable solutions to reduce planetary impact.,,https://arevonenergy.com/,https://www.linkedin.com/company/arevon,https://arevonenergy.com/careers,https://job-boards.greenhouse.io/arevonenergyimpltest,https://job-boards.greenhouse.io/arevonenergyimpltest/jobs/4741402007,"Accounting ManagerScottsdale, AZ",https://job-boards.greenhouse.io/arevonenergyimpltest/jobs/4800112007,"Senior Accountant, Corporate AccountingScottsdale, AZ",https://job-boards.greenhouse.io/arevonenergyimpltest/jobs/4782870007,"Administrator, DevelopmentScottsdale, AZ"
Bird,"Eco-friendly, dockless electric scooters revolutionizing urban transportation.",,https://www.bird.co/,https://www.linkedin.com/company/birdapp,https://www.bird.co/careers/,,,,,,,
Planet,"Empowering impactful stewardship through timely, global Earth-imaging satellite data.",,https://www.un.org/en/,https://www.linkedin.com/company/productsteward,https://www.un.org/en/careers,https://jobs.lever.co/planettechnologies,,,,,,
Sparkfund,"Transforming buildings into valuable, grid-supportive assets for a sustainable energy future.",,https://sparkfund.com/resources,https://www.linkedin.com/company/sparkfunder,,,,,,,,
Cypress Creek Renewables,"Developing 12GW of solar energy for a cleaner, safer, and better world.",,https://ccrenew.com/,https://www.linkedin.com/company/cypress-creek-renewables,https://ccrenew.com/careers,,,,,,,
Thrive Market,"Promoting healthy, sustainable living while being zero waste and Climate Neutral Certified.",,https://thrivemarket.com/,https://www.linkedin.com/company/thrivemarket,https://thrivemarket.com/careers,https://jobs.lever.co/thrivemarket,,,,,,
Deep Sky,Reversing climate change with renewable-powered carbon removal and long-term storage.,,https://www.deepskyclimate.com/,https://ca.linkedin.com/company/deep-sky-climate,https://www.deepskyclimate.com/career,https://jobs.lever.co/deepsky,,,,,,
Zen Ecosystems,Smart energy management solutions to cut bills and boost efficiency for homes and businesses.,,https://zenecosystems.com/,https://www.linkedin.com/company/zen-ecosystems,https://zenecosystems.com/careers,,,,,,,
Ecosia,Search the web and fund tree planting with a CO2-neutral search engine.,,https://www.ecosia.org/,https://pg.linkedin.com/company/ecosia?trk=products_details_guest_organization_image,https://www.ecosia.org/careers,,,,,,,
Califia Farms,"Nourishing the world with plant-based beverages, powered by renewable energy and sustainable practices.",,https://www.califiafarms.com/,https://www.linkedin.com/company/califia-farms,,,,,,,,
Omnidian,Empowering sustainable energy with 24/7 solar system monitoring and advanced diagnostics.,,https://www.omnidian.com/,https://www.linkedin.com/company/omnidian-inc,https://www.omnidian.com/careers,https://jobs.lever.co/omnidian,,,,,,
ClimateWorks Foundation,Amplifying philanthropic power to combat global climate change.,,https://www.climateworks.org/,https://www.linkedin.com/company/climateworks,https://www.climateworks.org/careers/,,,,,,,
Applied Intuition,"Accelerating safe, intelligent machines for a sustainable future in transport and construction.",,https://www.appliedintuition.com/,https://www.linkedin.com/company/applied-intuition-inc,https://www.appliedintuition.com/careers,,,,,,,
Aurora Solar,Empowering solar adoption with AI-driven platform for a sustainable future.,,https://aurorasolar.com/news/aurora-solar-industry-snapshot/,https://www.linkedin.com/company/enerflo,https://aurorasolar.com/careers/,,,,,,,
Solvenergy.com,Pioneering cleaner power and brighter futures through extensive solar energy projects across North America.,,https://www.solvenergy.com/news/solv-energy-reacts-to-biden-administration-action-to-support-solar-industry,https://www.linkedin.com/company/solv-energy,,,,,,,,
Apollo,Innovative capital solutions for growth with a focus on sustainable and impactful investing.,,https://www.apollo.com/strategies/asset-management/capital-solutions,https://www.linkedin.com/company/apollo-global-management-inc,,https://jobs.lever.co/apolloresearch/f66ef22f-f96a-42cb-ada9-fd48ce0d5fda,,,,,,
Workiva,Streamlining integrated ESG reporting for transparent climate impact and compliance.,,https://www.workiva.com/,https://www.linkedin.com/company/sustainlife,https://www.workiva.com/careers,,,,,,,
Dynapower,"Power electronics leader driving a resilient, clean energy future through innovative power conversion and storage solutions.",,https://dynapower.com/about-us/leadership/,https://www.linkedin.com/company/dynapower-company-llc,https://dynapower.com/about-us/leadership/careers,,,,,,,
GFL Environmental,Driving sustainable waste management and soil remediation for a greener future.,,https://gflenv.com/,https://ca.linkedin.com/company/gflenvironmental,https://gflenv.com/career/,,,,,,,
C&D Technologies,Empowering critical operations with eco-friendly power systems and sustainable energy solutions.,,https://climatebase.org/job/59613711/cos-operator?source=job_directory,https://cn.linkedin.com/company/cnd-cleanenergy,https://climatebase.org/job/59613711/cos-operator?source=job_directory/careers,https://climatebase.org/job/59613711/cos-operator?source=job_directory/careers,https://climatebase.org/job/60314601/cos-operator-i?source=job_directory,"COS Operator ICOS Operator IC&D TechnologiesLithonia, GA, USIn-personFull time roleEmpowering critical operations with eco-friendly power systems and sustainable energy solutions.3 months ago",https://climatebase.org/job/61418595/casting-operator?source=job_directory,"Casting OperatorCasting OperatorC&D TechnologiesLithonia, GA, USIn-personFull time roleEmpowering critical operations with eco-friendly power systems and sustainable energy solutions.About 2 months ago",https://climatebase.org/job/62220371/assembly-operator?source=job_directory,"Assembly OperatorAssembly OperatorC&D TechnologiesSanta Fe Springs, CA, USIn-personFull time roleEmpowering critical operations with eco-friendly power systems and sustainable energy solutions.About 1 month ago"
The Environmental Defense Fund,"Driving impactful environmental solutions through science, partnerships, and market-based approaches globally.",,https://www.edf.org/media/sustainability-hook-cuba-adopts-new-fisheries-law-edf-says,https://www.linkedin.com/company/edif-foundation,,,,,,,,
Qmerit,"Simplifying electrification adoption, driving green energy transition for homes and businesses.",,https://qmerit.com/blog/fleet-electrification-can-help-you-meet-commercial-esg-goals/,https://www.linkedin.com/company/qmerit,https://qmerit.com/career/,,,,,,,
Advantage Capital Management,"Catalytic investments in underserved areas to boost economies, communities, and renewable energy solutions.",,https://climatebase.org/job/58242476/associate-compliance,https://www.linkedin.com/company/advantagecapital,https://climatebase.org/job/58242476/associate-compliance/careers,https://climatebase.org/job/58242476/associate-compliance/careers,https://climatebase.org/job/60236990/compliance-advisory-officer--energy--commodities?source=job_directory,"Compliance Advisory Officer – Energy & CommoditiesCompliance Advisory Officer – Energy & CommoditiesICAP Energy ASLondon, England, GBIn-personFull time roleDriving sustainable markets with innovative energy and commodities brokering.About 2 months ago",https://climatebase.org/job/61073002/compliance--support-analyst?source=job_directory,"Compliance  Support AnalystCompliance  Support AnalystWood MackenzieGurugram, HR, INIn-personFull time roleEmpowering smart climate and energy decisions through data and analytics.About 1 month ago",https://climatebase.org/job/61097613/compliance-administrator?source=job_directory,"Compliance AdministratorCompliance AdministratorAdvantage Capital ManagementNew Orleans, LA, USIn-personFull time roleCatalytic investments in underserved areas to boost economies, communities, and renewable energy solutions.2 months ago"
David Suzuki Foundation,"Protecting nature and fostering a sustainable Canada through research, education, and policy.",,https://davidsuzuki.org/,https://ca.linkedin.com/company/david-suzuki-foundation,https://davidsuzuki.org/careers/,https://careers.smartrecruiters.com/DavidSuzukiFoundation,,,,,,
Resource Environmental Solutions,Restoring ecosystems and sequestering carbon through nature-based infrastructure projects.,,https://res.us/,https://www.linkedin.com/company/res-us,https://res.us/careers,,,,,,,
Exponent,"Engineering and scientific consulting for safer, healthier, and more sustainable solutions globally.",,https://www.exponent.com/,https://www.linkedin.com/company/exponent,https://www.exponent.com/careers,,,,,,,
Context Labs,Accelerating global energy transition with trusted climate data and high-quality carbon credits.,,https://contextlabs.com/context-labs-announces-clear-path-platform-to-catalyze-change-in-environmental-commodities-markets/,https://www.linkedin.com/company/context-labs-bv,https://contextlabs.com/company/careers/,,https://contextlabs.bamboohr.com/jobs/,Explore Open Positions,https://contextlabs.bamboohr.com/jobs/,Explore all open positions,https://contextlabs.bamboohr.com/jobs/,Open Positions →
350.org,Global grassroots movement driving climate action in over 188 countries.,,https://350.org/?r=IN&c=AS,https://www.linkedin.com/company/350-org,https://350.org/?r=IN&c=AS/careers,,https://350.org/jobs/,Careers,,,,
Scope3,Eliminate climate risk with advanced emission reduction solutions.,,https://scope3.com/blog/category/company-news,https://uk.linkedin.com/company/edhec-climate-institute,,,,,,,,
Generate Capital,Delivering sustainable infrastructure to power and transform communities across North America.,,https://generatecapital.com/,https://www.linkedin.com/company/generatecapital,https://generatecapital.com/careers/,,,,,,,
Hydrosat,"Space-based thermal imagery for managing water stress, boosting food security, and protecting the environment.",,https://hydrosat.com/,https://lu.linkedin.com/company/hydrosat,,,,,,,,
Phaidra,"AI-driven control systems for industrial efficiency, reducing energy waste and environmental impact.",,https://www.phaidra.ai/,https://www.linkedin.com/company/phaidra-ai,https://www.phaidra.ai/careers,https://job-boards.greenhouse.io/phaidra,https://job-boards.greenhouse.io/phaidra/jobs/4593550005,Senior Account Executive (AI Factory Solutions)Remote,https://job-boards.greenhouse.io/phaidra/jobs/4493269005,Expression of Interest - EngineeringRemote,https://job-boards.greenhouse.io/phaidra/jobs/4493445005,Expression of Interest - GeneralRemote
Charge Point,Empowering widespread EV adoption with the world's largest open charging network.,,https://www.chargepoint.com/,https://www.linkedin.com/company/ourtreehousepro,https://www.chargepoint.com/careers,,,,,,,
Unison Infrastructure,Funding and managing sustainable infrastructure with $1.3B+ deployed since 2003.,,https://climatebase.org/company/1137534/unison-infrastructure,https://www.linkedin.com/company/unisoninfra,https://climatebase.org/company/1137534/unison-infrastructure/careers,,,,,,,
Last Energy,"Scaling micro nuclear to decarbonize energy and provide clean, affordable power globally.",,https://www.lastenergy.com/about,https://www.linkedin.com/company/lastenergy,,,,,,,,
Velo3D,Revolutionizing metal 3D printing for cleaner energy and efficient transportation.,,https://velo3d.com/sapphire/,https://www.linkedin.com/company/velo3d,https://velo3d.com/careers/,https://jobs.lever.co/velo3d,,,,,,
Sublime Systems,"Revolutionizing cement with zero-carbon, low-energy production for significant global emissions reduction.",,https://sublime-systems.com/,https://www.linkedin.com/company/sublime-cement,https://jobs.lever.co/SublimeSystems,,,,,,,
Brookfield Global Asset Management Limited,Investing globally in renewable power and infrastructure to support climate resilience and sustainability.,,https://climatebase.org/job/57676998/vpsvp-strategic-partnerships-global-client-group,https://ca.linkedin.com/company/brookfield,https://climatebase.org/job/57676998/vpsvp-strategic-partnerships-global-client-group/careers,https://climatebase.org/job/57676998/vpsvp-strategic-partnerships-global-client-group/careers,https://climatebase.org/job/60079942/vice-president--product-strategy--development?source=job_directory,"Vice President ~ Product Strategy & DevelopmentVice President ~ Product Strategy & DevelopmentBrookfield Global Asset Management LimitedNew York, NY, USRemoteFull time roleInvesting globally in renewable power and infrastructure to support climate resilience and sustainability.3 months ago",https://climatebase.org/job/60764199/senior-associate-regional-fundraise-management?source=job_directory,"Senior Associate, Regional Fundraise ManagementSenior Associate, Regional Fundraise ManagementBrookfield Global Asset Management LimitedLondon, England, GBHybrid, RemoteFull time roleInvesting globally in renewable power and infrastructure to support climate resilience and sustainability.2 months ago",https://climatebase.org/job/61265941/vice-president-product-strategy-development?source=job_directory,"Vice President, Product Strategy DevelopmentVice President, Product Strategy DevelopmentBrookfield Global Asset Management LimitedSingaporeIn-personFull time roleInvesting globally in renewable power and infrastructure to support climate resilience and sustainability.About 2 months ago"
Muon Space,Revolutionizing climate action with cutting-edge Earth-sensing satellite technology.,,https://www.muonspace.com/press/former-acting-deputy-secretary-of-defense-christine-fox-joins-muon-space-board,https://www.linkedin.com/company/spatial-informatics-group-natural-assets-laboratory,,https://job-boards.greenhouse.io/muonspace,https://job-boards.greenhouse.io/muonspace/jobs/4701745007,"Electrical Hardware Engineer (New Grad/Early Career)Mountain View, CA",https://job-boards.greenhouse.io/muonspace/jobs/4676930007,"Mechanical EngineerMountain View, CA",https://job-boards.greenhouse.io/muonspace/jobs/4815754007,"Spacecraft Structures AnalystMountain View, CA"
BorgWarner,"Driving carbon neutrality in automotive solutions for a cleaner, healthier, and safer future by 2035.",,https://www.borgwarner.com/company,https://www.linkedin.com/company/borgwarner,https://www.borgwarner.com/company/careers,,,,,,,
Fluence,Driving clean energy transition with scalable storage and AI-optimized management.,,https://fluenceenergy.com/,https://www.linkedin.com/company/fluenceenergy,https://fluenceenergy.com/careers,https://jobs.lever.co/fluence,,,,,,
Bidgely,Revolutionizing home energy savings with appliance-specific analytics to combat climate change.,,https://www.bidgely.com/,https://www.linkedin.com/company/bidgely,https://www.bidgely.com/careers/,,,,,,,
XENERGY,"Reinventing nuclear power for safe, affordable, and carbon-free energy.",,https://x-energy.com/media/news-releases/x-energy-uk-and-cavendish-nuclear-convene-british-suppliers-to-support-early-deployment-of-advanced-small-modular-reactors,https://www.linkedin.com/company/x-energy,,,,,,,,
Key Capture Energy,"Advancing large-scale energy storage for a stable, renewable-powered grid.",,https://keycaptureenergy.com/,https://www.linkedin.com/company/key-capture-energy,https://keycaptureenergy.com/careers/,,,,,,,
Sky Climber Renewables,"Driving renewable energy with comprehensive wind, solar, and battery solutions for a sustainable future.",,https://skyclimber-re.com/,https://www.linkedin.com/company/sky-climber-wind-solutions,https://skyclimber-re.com/careers/,,https://renewables-skyclimber.icims.com/jobs/intro,View Open Positions,https://renewables-skyclimber.icims.com/jobs/intro,View Open Positions,https://renewables-skyclimber.icims.com/jobs/intro,View Open Positions
World Wildlife Fund,United for a sustainable future through global conservation and innovative solutions.,,https://www.worldwildlife.org/,https://www.linkedin.com/company/world-wildlife-fund,https://www.worldwildlife.org/careers,https://careers.smartrecruiters.com/WorldWildlifeFundInc1/nambia,,,,,,
Enpowered,"Accelerating energy-saving solutions, reducing emissions, and promoting renewable energy adoption.",,https://enpowered.com/using-hydrogen-to-get-extra-value-from-clean-energy/,https://www.linkedin.com/company/empower-solar-energy-solutions,https://enpowered.com/company/careers/,,,,,,,
Power Factors,Accelerating the energy transition with software for optimizing renewable asset performance and collaboration.,,https://www.powerfactors.com/news/power-factors-to-accelerate-transition-to-clean-energy-with-aws,https://www.linkedin.com/company/power-factors-inc,,,,,,,,
Ecology Project International,Youth-driven conservation through local expert-student partnerships to protect threatened species and habitats.,,https://www.ecologyproject.org/,https://www.linkedin.com/company/cymgunep,https://www.ecologyproject.org/employment,,,,,,,
Enverus,"Accelerating investment in efficient, renewable energy development and distribution.",,https://www.enverus.com/,https://www.linkedin.com/company/enverus-energy,https://www.enverus.com/careers/,,,,,,,
FlexGen,"Advanced energy storage solutions reducing environmental impact with flexible, software-first technology.",,https://www.flexgen.com/,https://www.linkedin.com/company/flexgen,https://www.flexgen.com/careers,,,,,,,
The Aspen Institute,"Driving global climate solutions through dialogue, leadership, and impactful action.",,https://www.aspeninstitute.org/,https://www.linkedin.com/company/aspen-global-change-institute,https://www.aspeninstitute.org/about/our-careers/,,,,,,,
